{"a": 26302.775667843194, "b": -5.654039355018064}